orgid,siteId,schoolYear,studentId,date,status,transferStatus,strands.0.strandId,strands.0.scores.0.scoreId,strands.0.scores.0.value,strands.0.scores.1.scoreId,strands.0.scores.1.value,strands.0.scores.2.scoreId,strands.0.scores.2.value,strands.0.scores.3.scoreId,strands.0.scores.3.value,strands.0.scores.4.scoreId,strands.0.scores.4.value,strands.0.scores.5.scoreId,strands.0.scores.5.value,strands.1.strandId,strands.1.scores.0.scoreId,strands.1.scores.0.value,strands.1.scores.1.scoreId,strands.1.scores.1.value,strands.1.scores.2.scoreId,strands.1.scores.2.value,strands.1.scores.3.scoreId,strands.1.scores.3.value,strands.1.scores.4.scoreId,strands.1.scores.4.value,strands.1.scores.5.scoreId,strands.1.scores.5.value,strands.1.scores.6.scoreId,strands.1.scores.6.value,strands.1.data.passage_id,strands.1.data.total_words,strands.1.data.errors_per_minute,strands.1.data.correct_per_minute,strands.1.data.accuracy,strands.1.data.number_correct,strands.1.data.number_errors,strands.1.data.assessor_notes,strands.1.data.expression_rating,strands.2.strandId,strands.2.scores.0.scoreId,strands.2.scores.0.value,strands.2.scores.1.scoreId,strands.2.scores.1.value,strands.2.scores.2.scoreId,strands.2.scores.2.value,strands.2.scores.3.scoreId,strands.2.scores.3.value,strands.2.scores.4.scoreId,strands.2.scores.4.value,strands.2.scores.5.scoreId,strands.2.scores.5.value,strands.2.scores.6.scoreId,strands.2.scores.6.value,strands.2.data.passage_id,strands.2.data.total_words,strands.2.data.errors_per_minute,strands.2.data.correct_per_minute,strands.2.data.accuracy,strands.2.data.number_correct,strands.2.data.number_errors,strands.2.data.assessor_notes,strands.2.data.expression_rating,strands.3.strandId,strands.3.scores.0.scoreId,strands.3.scores.0.value,strands.3.scores.1.scoreId,strands.3.scores.1.value,strands.3.scores.2.scoreId,strands.3.scores.2.value,strands.3.scores.3.scoreId,strands.3.scores.3.value,strands.3.scores.4.scoreId,strands.3.scores.4.value,strands.3.scores.5.scoreId,strands.3.scores.5.value,strands.3.scores.6.scoreId,strands.3.scores.6.value,strands.3.data.passage_id,strands.3.data.total_words,strands.3.data.errors_per_minute,strands.3.data.correct_per_minute,strands.3.data.accuracy,strands.3.data.number_correct,strands.3.data.number_errors,strands.3.data.assessor_notes,strands.3.data.expression_rating,type,takenOutsideWindow,allowRetake,benchmarkScheduleId,created.by,created.on,created.date,lastModified.by,lastModified.on,lastModified.date,importRecordId,receivedDate,summaryData.summary_errors_per_minute,summaryData.summary_correct_per_minute,summaryData.summary_accuracy,summaryData.summary_number_correct,summaryData.summary_number_errors,summaryData.summary_assessor_notes,summaryData.passageNumber,rulesEventUpdateProcessed
MN4sihVflLwk0DKzO,bXGuRv5twohEGzhzk,2017,FgqjNSMmiiCSXJSdM,2017-01-08T00:00:00.000-0500,COMPLETE,COMPLETE,overall_strand,overall_strand:summary_number_correct,132,overall_strand:summary_number_errors,1,overall_strand:summary_correct_per_minute,132,overall_strand:summary_errors_per_minute,1,overall_strand:summary_accuracy,99.13,overall_strand:summary_assessor_notes,,passage1,passage1:total_words,133,passage1:errors_per_minute,1,passage1:correct_per_minute,132,passage1:accuracy,99,passage1:number_correct,132,passage1:number_errors,1,passage1:scaled_score,,0f8b88,133,1,132,99,132,1, , ,passage2,passage2:total_words,133,passage2:errors_per_minute,1,passage2:correct_per_minute,132,passage2:accuracy,99,passage2:number_correct,132,passage2:number_errors,1,passage2:scaled_score,,098916,133,1,132,99,132,1, , ,passage3,passage3:total_words,133,passage3:errors_per_minute,1,passage3:correct_per_minute,132,passage3:accuracy,99,passage3:number_correct,132,passage3:number_errors,1,passage3:scaled_score,,08256b,133,1,132,99,132,1, , ,benchmark,FALSE,FALSE,MC2C29ZKpXeXwzv8c,5SrivwHdwcx9NMY4s,1.46186E+12,2016-04-28T11:46:38.331-0500,IMPORTUser,1.46343E+12,2016-05-16T14:03:43.066-0500,vKAAoqS66Yc8bE6rL,2016-05-16T14:03:43.032-0500,1,132,99,132,1,Passage 1 Note: ; Passage 2 Note: ; Passage 3 Note: ,1,TRUE
MN4sihVflLwk0DKzO,bXGuRv5twohEGzhzk,2017,q3aK2rqKPfvYfriYX,2017-01-08T00:00:00.000-0500,COMPLETE,COMPLETE,overall_strand,overall_strand:summary_number_correct,103,overall_strand:summary_number_errors,8,overall_strand:summary_correct_per_minute,103,overall_strand:summary_errors_per_minute,8,overall_strand:summary_accuracy,92.91,overall_strand:summary_assessor_notes,,passage1,passage1:total_words,111,passage1:errors_per_minute,8,passage1:correct_per_minute,103,passage1:accuracy,93,passage1:number_correct,103,passage1:number_errors,8,passage1:scaled_score,,0f8b88,111,8,103,93,103,8, , ,passage2,passage2:total_words,111,passage2:errors_per_minute,8,passage2:correct_per_minute,103,passage2:accuracy,93,passage2:number_correct,103,passage2:number_errors,8,passage2:scaled_score,,098916,111,8,103,93,103,8, , ,passage3,passage3:total_words,111,passage3:errors_per_minute,8,passage3:correct_per_minute,103,passage3:accuracy,93,passage3:number_correct,103,passage3:number_errors,8,passage3:scaled_score,,08256b,111,8,103,93,103,8, , ,benchmark,FALSE,FALSE,MC2C29ZKpXeXwzv8c,5SrivwHdwcx9NMY4s,1.46186E+12,2016-04-28T11:46:38.331-0500,IMPORTUser,1.46343E+12,2016-05-16T14:03:43.066-0500,vKAAoqS66Yc8bE6rL,2016-05-16T14:03:43.032-0500,8,103,93,103,8,Passage 1 Note: ; Passage 2 Note: ; Passage 3 Note: ,1,TRUE
MN4sihVflLwk0DKzO,bXGuRv5twohEGzhzk,2017,iwQzQwvMrH2wTW9pi,2017-01-08T00:00:00.000-0500,COMPLETE,COMPLETE,overall_strand,overall_strand:summary_number_correct,91,overall_strand:summary_number_errors,4,overall_strand:summary_correct_per_minute,91,overall_strand:summary_errors_per_minute,4,overall_strand:summary_accuracy,95.38,overall_strand:summary_assessor_notes,,passage1,passage1:total_words,95,passage1:errors_per_minute,4,passage1:correct_per_minute,91,passage1:accuracy,95,passage1:number_correct,91,passage1:number_errors,4,passage1:scaled_score,,0f8b88,95,4,91,95,91,4, , ,passage2,passage2:total_words,95,passage2:errors_per_minute,4,passage2:correct_per_minute,91,passage2:accuracy,95,passage2:number_correct,91,passage2:number_errors,4,passage2:scaled_score,,098916,95,4,91,95,91,4, , ,passage3,passage3:total_words,95,passage3:errors_per_minute,4,passage3:correct_per_minute,91,passage3:accuracy,95,passage3:number_correct,91,passage3:number_errors,4,passage3:scaled_score,,08256b,95,4,91,95,91,4, , ,benchmark,FALSE,FALSE,MC2C29ZKpXeXwzv8c,5SrivwHdwcx9NMY4s,1.46186E+12,2016-04-28T11:46:38.331-0500,IMPORTUser,1.46343E+12,2016-05-16T14:03:43.066-0500,vKAAoqS66Yc8bE6rL,2016-05-16T14:03:43.032-0500,4,91,95,91,4,Passage 1 Note: ; Passage 2 Note: ; Passage 3 Note: ,1,TRUE
MN4sihVflLwk0DKzO,bXGuRv5twohEGzhzk,2017,Ceru2QALXym7ZrjGQ,2017-01-08T00:00:00.000-0500,COMPLETE,COMPLETE,overall_strand,overall_strand:summary_number_correct,28,overall_strand:summary_number_errors,1,overall_strand:summary_correct_per_minute,28,overall_strand:summary_errors_per_minute,1,overall_strand:summary_accuracy,96.46,overall_strand:summary_assessor_notes,,passage1,passage1:total_words,29,passage1:errors_per_minute,1,passage1:correct_per_minute,28,passage1:accuracy,96,passage1:number_correct,28,passage1:number_errors,1,passage1:scaled_score,,0f8b88,29,1,28,96,28,1, , ,passage2,passage2:total_words,29,passage2:errors_per_minute,1,passage2:correct_per_minute,28,passage2:accuracy,96,passage2:number_correct,28,passage2:number_errors,1,passage2:scaled_score,,098916,29,1,28,96,28,1, , ,passage3,passage3:total_words,29,passage3:errors_per_minute,1,passage3:correct_per_minute,28,passage3:accuracy,96,passage3:number_correct,28,passage3:number_errors,1,passage3:scaled_score,,08256b,29,1,28,96,28,1, , ,benchmark,FALSE,FALSE,MC2C29ZKpXeXwzv8c,5SrivwHdwcx9NMY4s,1.46186E+12,2016-04-28T11:46:38.331-0500,IMPORTUser,1.46343E+12,2016-05-16T14:03:43.066-0500,vKAAoqS66Yc8bE6rL,2016-05-16T14:03:43.032-0500,1,28,96,28,1,Passage 1 Note: ; Passage 2 Note: ; Passage 3 Note: ,1,TRUE
MN4sihVflLwk0DKzO,bXGuRv5twohEGzhzk,2017,9n8u5rbkAgWB9Dfik,2017-01-08T00:00:00.000-0500,COMPLETE,COMPLETE,overall_strand,overall_strand:summary_number_correct,12,overall_strand:summary_number_errors,2,overall_strand:summary_correct_per_minute,12,overall_strand:summary_errors_per_minute,2,overall_strand:summary_accuracy,85.39,overall_strand:summary_assessor_notes,,passage1,passage1:total_words,14,passage1:errors_per_minute,2,passage1:correct_per_minute,12,passage1:accuracy,85,passage1:number_correct,12,passage1:number_errors,2,passage1:scaled_score,,0f8b88,14,2,12,85,12,2, , ,passage2,passage2:total_words,14,passage2:errors_per_minute,2,passage2:correct_per_minute,12,passage2:accuracy,85,passage2:number_correct,12,passage2:number_errors,2,passage2:scaled_score,,098916,14,2,12,85,12,2, , ,passage3,passage3:total_words,14,passage3:errors_per_minute,2,passage3:correct_per_minute,12,passage3:accuracy,85,passage3:number_correct,12,passage3:number_errors,2,passage3:scaled_score,,08256b,14,2,12,85,12,2, , ,benchmark,FALSE,FALSE,MC2C29ZKpXeXwzv8c,5SrivwHdwcx9NMY4s,1.46186E+12,2016-04-28T11:46:38.331-0500,IMPORTUser,1.46343E+12,2016-05-16T14:03:43.066-0500,vKAAoqS66Yc8bE6rL,2016-05-16T14:03:43.032-0500,2,12,85,12,2,Passage 1 Note: ; Passage 2 Note: ; Passage 3 Note: ,1,TRUE
MN4sihVflLwk0DKzO,bXGuRv5twohEGzhzk,2017,s37F397csA7z8x3yk,2017-01-08T00:00:00.000-0500,COMPLETE,COMPLETE,overall_strand,overall_strand:summary_number_correct,112,overall_strand:summary_number_errors,1,overall_strand:summary_correct_per_minute,112,overall_strand:summary_errors_per_minute,1,overall_strand:summary_accuracy,99.12,overall_strand:summary_assessor_notes,,passage1,passage1:total_words,113,passage1:errors_per_minute,1,passage1:correct_per_minute,112,passage1:accuracy,99,passage1:number_correct,112,passage1:number_errors,1,passage1:scaled_score,,0f8b88,113,1,112,99,112,1, , ,passage2,passage2:total_words,113,passage2:errors_per_minute,1,passage2:correct_per_minute,112,passage2:accuracy,99,passage2:number_correct,112,passage2:number_errors,1,passage2:scaled_score,,098916,113,1,112,99,112,1, , ,passage3,passage3:total_words,113,passage3:errors_per_minute,1,passage3:correct_per_minute,112,passage3:accuracy,99,passage3:number_correct,112,passage3:number_errors,1,passage3:scaled_score,,08256b,113,1,112,99,112,1, , ,benchmark,FALSE,FALSE,W4F3JDAqzkiskLMbT,5SrivwHdwcx9NMY4s,1.46186E+12,2016-04-28T11:46:38.331-0500,IMPORTUser,1.46343E+12,2016-05-16T14:03:43.066-0500,vKAAoqS66Yc8bE6rL,2016-05-16T14:03:43.032-0500,1,112,99,112,1,Passage 1 Note: ; Passage 2 Note: ; Passage 3 Note: ,1,TRUE
MN4sihVflLwk0DKzO,bXGuRv5twohEGzhzk,2017,sEhDkjy2sqvpyvmA2,2017-01-08T00:00:00.000-0500,COMPLETE,COMPLETE,overall_strand,overall_strand:summary_number_correct,95,overall_strand:summary_number_errors,1,overall_strand:summary_correct_per_minute,95,overall_strand:summary_errors_per_minute,1,overall_strand:summary_accuracy,98.97,overall_strand:summary_assessor_notes,,passage1,passage1:total_words,96,passage1:errors_per_minute,1,passage1:correct_per_minute,95,passage1:accuracy,99,passage1:number_correct,95,passage1:number_errors,1,passage1:scaled_score,,0f8b88,96,1,95,99,95,1, , ,passage2,passage2:total_words,96,passage2:errors_per_minute,1,passage2:correct_per_minute,95,passage2:accuracy,99,passage2:number_correct,95,passage2:number_errors,1,passage2:scaled_score,,098916,96,1,95,99,95,1, , ,passage3,passage3:total_words,96,passage3:errors_per_minute,1,passage3:correct_per_minute,95,passage3:accuracy,99,passage3:number_correct,95,passage3:number_errors,1,passage3:scaled_score,,08256b,96,1,95,99,95,1, , ,benchmark,FALSE,FALSE,W4F3JDAqzkiskLMbT,5SrivwHdwcx9NMY4s,1.46186E+12,2016-04-28T11:46:38.331-0500,IMPORTUser,1.46343E+12,2016-05-16T14:03:43.066-0500,vKAAoqS66Yc8bE6rL,2016-05-16T14:03:43.032-0500,1,95,99,95,1,Passage 1 Note: ; Passage 2 Note: ; Passage 3 Note: ,1,TRUE
MN4sihVflLwk0DKzO,bXGuRv5twohEGzhzk,2017,9rBEeNj982oL9J4v7,2017-01-08T00:00:00.000-0500,COMPLETE,COMPLETE,overall_strand,overall_strand:summary_number_correct,173,overall_strand:summary_number_errors,1,overall_strand:summary_correct_per_minute,173,overall_strand:summary_errors_per_minute,1,overall_strand:summary_accuracy,99.44,overall_strand:summary_assessor_notes,,passage1,passage1:total_words,174,passage1:errors_per_minute,1,passage1:correct_per_minute,173,passage1:accuracy,99,passage1:number_correct,173,passage1:number_errors,1,passage1:scaled_score,,0f8b88,174,1,173,99,173,1, , ,passage2,passage2:total_words,174,passage2:errors_per_minute,1,passage2:correct_per_minute,173,passage2:accuracy,99,passage2:number_correct,173,passage2:number_errors,1,passage2:scaled_score,,098916,174,1,173,99,173,1, , ,passage3,passage3:total_words,174,passage3:errors_per_minute,1,passage3:correct_per_minute,173,passage3:accuracy,99,passage3:number_correct,173,passage3:number_errors,1,passage3:scaled_score,,08256b,174,1,173,99,173,1, , ,benchmark,FALSE,FALSE,gs7fvM4tw6zjYsKHs,5SrivwHdwcx9NMY4s,1.46186E+12,2016-04-28T11:46:38.331-0500,IMPORTUser,1.46343E+12,2016-05-16T14:03:43.066-0500,vKAAoqS66Yc8bE6rL,2016-05-16T14:03:43.032-0500,1,173,99,173,1,Passage 1 Note: ; Passage 2 Note: ; Passage 3 Note: ,1,TRUE
MN4sihVflLwk0DKzO,bXGuRv5twohEGzhzk,2017,kNfbGB3ip8sCHrLvd,2017-01-08T00:00:00.000-0500,COMPLETE,COMPLETE,overall_strand,overall_strand:summary_number_correct,255,overall_strand:summary_number_errors,0,overall_strand:summary_correct_per_minute,255,overall_strand:summary_errors_per_minute,0,overall_strand:summary_accuracy,100,overall_strand:summary_assessor_notes,,passage1,passage1:total_words,255,passage1:errors_per_minute,0,passage1:correct_per_minute,255,passage1:accuracy,100,passage1:number_correct,255,passage1:number_errors,0,passage1:scaled_score,,0f8b88,255,0,255,100,255,0, , ,passage2,passage2:total_words,255,passage2:errors_per_minute,0,passage2:correct_per_minute,255,passage2:accuracy,100,passage2:number_correct,255,passage2:number_errors,0,passage2:scaled_score,,098916,255,0,255,100,255,0, , ,passage3,passage3:total_words,255,passage3:errors_per_minute,0,passage3:correct_per_minute,255,passage3:accuracy,100,passage3:number_correct,255,passage3:number_errors,0,passage3:scaled_score,,08256b,255,0,255,100,255,0, , ,benchmark,FALSE,FALSE,gs7fvM4tw6zjYsKHs,5SrivwHdwcx9NMY4s,1.46186E+12,2016-04-28T11:46:38.331-0500,IMPORTUser,1.46343E+12,2016-05-16T14:03:43.066-0500,vKAAoqS66Yc8bE6rL,2016-05-16T14:03:43.032-0500,0,255,100,255,0,Passage 1 Note: ; Passage 2 Note: ; Passage 3 Note: ,1,TRUE
MN4sihVflLwk0DKzO,bXGuRv5twohEGzhzk,2017,aNSweThJaPNBYSLxY,2017-01-08T00:00:00.000-0500,COMPLETE,COMPLETE,overall_strand,overall_strand:summary_number_correct,114,overall_strand:summary_number_errors,1,overall_strand:summary_correct_per_minute,114,overall_strand:summary_errors_per_minute,1,overall_strand:summary_accuracy,99.13,overall_strand:summary_assessor_notes,,passage1,passage1:total_words,115,passage1:errors_per_minute,1,passage1:correct_per_minute,114,passage1:accuracy,99,passage1:number_correct,114,passage1:number_errors,1,passage1:scaled_score,,0f8b88,115,1,114,99,114,1, , ,passage2,passage2:total_words,115,passage2:errors_per_minute,1,passage2:correct_per_minute,114,passage2:accuracy,99,passage2:number_correct,114,passage2:number_errors,1,passage2:scaled_score,,098916,115,1,114,99,114,1, , ,passage3,passage3:total_words,115,passage3:errors_per_minute,1,passage3:correct_per_minute,114,passage3:accuracy,99,passage3:number_correct,114,passage3:number_errors,1,passage3:scaled_score,,08256b,115,1,114,99,114,1, , ,benchmark,FALSE,FALSE,gs7fvM4tw6zjYsKHs,5SrivwHdwcx9NMY4s,1.46186E+12,2016-04-28T11:46:38.331-0500,IMPORTUser,1.46343E+12,2016-05-16T14:03:43.066-0500,vKAAoqS66Yc8bE6rL,2016-05-16T14:03:43.032-0500,1,114,99,114,1,Passage 1 Note: ; Passage 2 Note: ; Passage 3 Note: ,1,TRUE
MN4sihVflLwk0DKzO,bXGuRv5twohEGzhzk,2017,ryK8wzfsycuX4ueyo,2017-01-08T00:00:00.000-0500,COMPLETE,COMPLETE,overall_strand,overall_strand:summary_number_correct,118,overall_strand:summary_number_errors,9,overall_strand:summary_correct_per_minute,118,overall_strand:summary_errors_per_minute,9,overall_strand:summary_accuracy,92.91,overall_strand:summary_assessor_notes,,passage1,passage1:total_words,127,passage1:errors_per_minute,9,passage1:correct_per_minute,118,passage1:accuracy,93,passage1:number_correct,118,passage1:number_errors,9,passage1:scaled_score,,0f8b88,127,9,118,93,118,9, , ,passage2,passage2:total_words,127,passage2:errors_per_minute,9,passage2:correct_per_minute,118,passage2:accuracy,93,passage2:number_correct,118,passage2:number_errors,9,passage2:scaled_score,,098916,127,9,118,93,118,9, , ,passage3,passage3:total_words,127,passage3:errors_per_minute,9,passage3:correct_per_minute,118,passage3:accuracy,93,passage3:number_correct,118,passage3:number_errors,9,passage3:scaled_score,,08256b,127,9,118,93,118,9, , ,benchmark,FALSE,FALSE,gs7fvM4tw6zjYsKHs,5SrivwHdwcx9NMY4s,1.46186E+12,2016-04-28T11:46:38.331-0500,IMPORTUser,1.46343E+12,2016-05-16T14:03:43.066-0500,vKAAoqS66Yc8bE6rL,2016-05-16T14:03:43.032-0500,9,118,93,118,9,Passage 1 Note: ; Passage 2 Note: ; Passage 3 Note: ,1,TRUE
MN4sihVflLwk0DKzO,bXGuRv5twohEGzhzk,2017,4fCnifSqziWv2wJmv,2017-01-08T00:00:00.000-0500,COMPLETE,COMPLETE,overall_strand,overall_strand:summary_number_correct,115,overall_strand:summary_number_errors,1,overall_strand:summary_correct_per_minute,115,overall_strand:summary_errors_per_minute,1,overall_strand:summary_accuracy,99.14,overall_strand:summary_assessor_notes,,passage1,passage1:total_words,116,passage1:errors_per_minute,1,passage1:correct_per_minute,115,passage1:accuracy,99,passage1:number_correct,115,passage1:number_errors,1,passage1:scaled_score,,0f8b88,116,1,115,99,115,1, , ,passage2,passage2:total_words,116,passage2:errors_per_minute,1,passage2:correct_per_minute,115,passage2:accuracy,99,passage2:number_correct,115,passage2:number_errors,1,passage2:scaled_score,,098916,116,1,115,99,115,1, , ,passage3,passage3:total_words,116,passage3:errors_per_minute,1,passage3:correct_per_minute,115,passage3:accuracy,99,passage3:number_correct,115,passage3:number_errors,1,passage3:scaled_score,,08256b,116,1,115,99,115,1, , ,benchmark,FALSE,FALSE,gs7fvM4tw6zjYsKHs,5SrivwHdwcx9NMY4s,1.46186E+12,2016-04-28T11:46:38.331-0500,IMPORTUser,1.46343E+12,2016-05-16T14:03:43.066-0500,vKAAoqS66Yc8bE6rL,2016-05-16T14:03:43.032-0500,1,115,99,115,1,Passage 1 Note: ; Passage 2 Note: ; Passage 3 Note: ,1,TRUE
MN4sihVflLwk0DKzO,bXGuRv5twohEGzhzk,2017,5k2ZgP6E9m4vJv3rB,2017-01-08T00:00:00.000-0500,COMPLETE,COMPLETE,overall_strand,overall_strand:summary_number_correct,62,overall_strand:summary_number_errors,3,overall_strand:summary_correct_per_minute,62,overall_strand:summary_errors_per_minute,3,overall_strand:summary_accuracy,95.38,overall_strand:summary_assessor_notes,,passage1,passage1:total_words,65,passage1:errors_per_minute,3,passage1:correct_per_minute,62,passage1:accuracy,95,passage1:number_correct,62,passage1:number_errors,3,passage1:scaled_score,,0f8b88,65,3,62,95,62,3, , ,passage2,passage2:total_words,65,passage2:errors_per_minute,3,passage2:correct_per_minute,62,passage2:accuracy,95,passage2:number_correct,62,passage2:number_errors,3,passage2:scaled_score,,098916,65,3,62,95,62,3, , ,passage3,passage3:total_words,65,passage3:errors_per_minute,3,passage3:correct_per_minute,62,passage3:accuracy,95,passage3:number_correct,62,passage3:number_errors,3,passage3:scaled_score,,08256b,65,3,62,95,62,3, , ,benchmark,FALSE,FALSE,gs7fvM4tw6zjYsKHs,5SrivwHdwcx9NMY4s,1.46186E+12,2016-04-28T11:46:38.331-0500,IMPORTUser,1.46343E+12,2016-05-16T14:03:43.066-0500,vKAAoqS66Yc8bE6rL,2016-05-16T14:03:43.032-0500,3,62,95,62,3,Passage 1 Note: ; Passage 2 Note: ; Passage 3 Note: ,1,TRUE
MN4sihVflLwk0DKzO,bXGuRv5twohEGzhzk,2017,2497G2rp9DgFqp3Me,2017-01-08T00:00:00.000-0500,COMPLETE,COMPLETE,overall_strand,overall_strand:summary_number_correct,185,overall_strand:summary_number_errors,7,overall_strand:summary_correct_per_minute,185,overall_strand:summary_errors_per_minute,7,overall_strand:summary_accuracy,96.46,overall_strand:summary_assessor_notes,,passage1,passage1:total_words,192,passage1:errors_per_minute,7,passage1:correct_per_minute,185,passage1:accuracy,96,passage1:number_correct,185,passage1:number_errors,7,passage1:scaled_score,,0f8b88,192,7,185,96,185,7, , ,passage2,passage2:total_words,192,passage2:errors_per_minute,7,passage2:correct_per_minute,185,passage2:accuracy,96,passage2:number_correct,185,passage2:number_errors,7,passage2:scaled_score,,098916,192,7,185,96,185,7, , ,passage3,passage3:total_words,192,passage3:errors_per_minute,7,passage3:correct_per_minute,185,passage3:accuracy,96,passage3:number_correct,185,passage3:number_errors,7,passage3:scaled_score,,08256b,192,7,185,96,185,7, , ,benchmark,FALSE,FALSE,LTNAGzNCrGp54s4ND,5SrivwHdwcx9NMY4s,1.46186E+12,2016-04-28T11:46:38.331-0500,IMPORTUser,1.46343E+12,2016-05-16T14:03:43.066-0500,vKAAoqS66Yc8bE6rL,2016-05-16T14:03:43.032-0500,7,185,96,185,7,Passage 1 Note: ; Passage 2 Note: ; Passage 3 Note: ,1,TRUE
MN4sihVflLwk0DKzO,bXGuRv5twohEGzhzk,2017,GpYErfviMexPWAJmF,2017-01-08T00:00:00.000-0500,COMPLETE,COMPLETE,overall_strand,overall_strand:summary_number_correct,185,overall_strand:summary_number_errors,0,overall_strand:summary_correct_per_minute,185,overall_strand:summary_errors_per_minute,0,overall_strand:summary_accuracy,100,overall_strand:summary_assessor_notes,,passage1,passage1:total_words,185,passage1:errors_per_minute,0,passage1:correct_per_minute,185,passage1:accuracy,100,passage1:number_correct,185,passage1:number_errors,0,passage1:scaled_score,,0f8b88,185,0,185,100,185,0, , ,passage2,passage2:total_words,185,passage2:errors_per_minute,0,passage2:correct_per_minute,185,passage2:accuracy,100,passage2:number_correct,185,passage2:number_errors,0,passage2:scaled_score,,098916,185,0,185,100,185,0, , ,passage3,passage3:total_words,185,passage3:errors_per_minute,0,passage3:correct_per_minute,185,passage3:accuracy,100,passage3:number_correct,185,passage3:number_errors,0,passage3:scaled_score,,08256b,185,0,185,100,185,0, , ,benchmark,FALSE,FALSE,LTNAGzNCrGp54s4ND,5SrivwHdwcx9NMY4s,1.46186E+12,2016-04-28T11:46:38.331-0500,IMPORTUser,1.46343E+12,2016-05-16T14:03:43.066-0500,vKAAoqS66Yc8bE6rL,2016-05-16T14:03:43.032-0500,0,185,100,185,0,Passage 1 Note: ; Passage 2 Note: ; Passage 3 Note: ,1,TRUE
MN4sihVflLwk0DKzO,bXGuRv5twohEGzhzk,2017,9FS536e7LMvZgoaAt,2017-01-08T00:00:00.000-0500,COMPLETE,COMPLETE,overall_strand,overall_strand:summary_number_correct,185,overall_strand:summary_number_errors,0,overall_strand:summary_correct_per_minute,185,overall_strand:summary_errors_per_minute,0,overall_strand:summary_accuracy,100,overall_strand:summary_assessor_notes,,passage1,passage1:total_words,185,passage1:errors_per_minute,0,passage1:correct_per_minute,185,passage1:accuracy,100,passage1:number_correct,185,passage1:number_errors,0,passage1:scaled_score,,0f8b88,185,0,185,100,185,0, , ,passage2,passage2:total_words,185,passage2:errors_per_minute,0,passage2:correct_per_minute,185,passage2:accuracy,100,passage2:number_correct,185,passage2:number_errors,0,passage2:scaled_score,,098916,185,0,185,100,185,0, , ,passage3,passage3:total_words,185,passage3:errors_per_minute,0,passage3:correct_per_minute,185,passage3:accuracy,100,passage3:number_correct,185,passage3:number_errors,0,passage3:scaled_score,,08256b,185,0,185,100,185,0, , ,benchmark,FALSE,FALSE,LTNAGzNCrGp54s4ND,5SrivwHdwcx9NMY4s,1.46186E+12,2016-04-28T11:46:38.331-0500,IMPORTUser,1.46343E+12,2016-05-16T14:03:43.066-0500,vKAAoqS66Yc8bE6rL,2016-05-16T14:03:43.032-0500,0,185,100,185,0,Passage 1 Note: ; Passage 2 Note: ; Passage 3 Note: ,1,TRUE
MN4sihVflLwk0DKzO,bXGuRv5twohEGzhzk,2017,QjnmwfJjfYMxpFnvP,2017-01-08T00:00:00.000-0500,COMPLETE,COMPLETE,overall_strand,overall_strand:summary_number_correct,163,overall_strand:summary_number_errors,2,overall_strand:summary_correct_per_minute,163,overall_strand:summary_errors_per_minute,2,overall_strand:summary_accuracy,98.84,overall_strand:summary_assessor_notes,,passage1,passage1:total_words,165,passage1:errors_per_minute,2,passage1:correct_per_minute,163,passage1:accuracy,99,passage1:number_correct,163,passage1:number_errors,2,passage1:scaled_score,,0f8b88,165,2,163,99,163,2, , ,passage2,passage2:total_words,165,passage2:errors_per_minute,2,passage2:correct_per_minute,163,passage2:accuracy,99,passage2:number_correct,163,passage2:number_errors,2,passage2:scaled_score,,098916,165,2,163,99,163,2, , ,passage3,passage3:total_words,165,passage3:errors_per_minute,2,passage3:correct_per_minute,163,passage3:accuracy,99,passage3:number_correct,163,passage3:number_errors,2,passage3:scaled_score,,08256b,165,2,163,99,163,2, , ,benchmark,FALSE,FALSE,LTNAGzNCrGp54s4ND,5SrivwHdwcx9NMY4s,1.46186E+12,2016-04-28T11:46:38.331-0500,IMPORTUser,1.46343E+12,2016-05-16T14:03:43.066-0500,vKAAoqS66Yc8bE6rL,2016-05-16T14:03:43.032-0500,2,163,99,163,2,Passage 1 Note: ; Passage 2 Note: ; Passage 3 Note: ,1,TRUE
MN4sihVflLwk0DKzO,bXGuRv5twohEGzhzk,2017,CoLoY5SogK7FixM4b,2017-01-08T00:00:00.000-0500,COMPLETE,COMPLETE,overall_strand,overall_strand:summary_number_correct,148,overall_strand:summary_number_errors,6,overall_strand:summary_correct_per_minute,148,overall_strand:summary_errors_per_minute,6,overall_strand:summary_accuracy,96.1,overall_strand:summary_assessor_notes,,passage1,passage1:total_words,154,passage1:errors_per_minute,6,passage1:correct_per_minute,148,passage1:accuracy,96,passage1:number_correct,148,passage1:number_errors,6,passage1:scaled_score,,0f8b88,154,6,148,96,148,6, , ,passage2,passage2:total_words,154,passage2:errors_per_minute,6,passage2:correct_per_minute,148,passage2:accuracy,96,passage2:number_correct,148,passage2:number_errors,6,passage2:scaled_score,,098916,154,6,148,96,148,6, , ,passage3,passage3:total_words,154,passage3:errors_per_minute,6,passage3:correct_per_minute,148,passage3:accuracy,96,passage3:number_correct,148,passage3:number_errors,6,passage3:scaled_score,,08256b,154,6,148,96,148,6, , ,benchmark,FALSE,FALSE,LTNAGzNCrGp54s4ND,5SrivwHdwcx9NMY4s,1.46186E+12,2016-04-28T11:46:38.331-0500,IMPORTUser,1.46343E+12,2016-05-16T14:03:43.066-0500,vKAAoqS66Yc8bE6rL,2016-05-16T14:03:43.032-0500,6,148,96,148,6,Passage 1 Note: ; Passage 2 Note: ; Passage 3 Note: ,1,TRUE
MN4sihVflLwk0DKzO,bXGuRv5twohEGzhzk,2017,ypNKWbvJvmRnvonvn,2017-01-08T00:00:00.000-0500,COMPLETE,COMPLETE,overall_strand,overall_strand:summary_number_correct,99,overall_strand:summary_number_errors,1,overall_strand:summary_correct_per_minute,99,overall_strand:summary_errors_per_minute,1,overall_strand:summary_accuracy,99,overall_strand:summary_assessor_notes,,passage1,passage1:total_words,100,passage1:errors_per_minute,1,passage1:correct_per_minute,99,passage1:accuracy,99,passage1:number_correct,99,passage1:number_errors,1,passage1:scaled_score,,0f8b88,100,1,99,99,99,1, , ,passage2,passage2:total_words,100,passage2:errors_per_minute,1,passage2:correct_per_minute,99,passage2:accuracy,99,passage2:number_correct,99,passage2:number_errors,1,passage2:scaled_score,,098916,100,1,99,99,99,1, , ,passage3,passage3:total_words,100,passage3:errors_per_minute,1,passage3:correct_per_minute,99,passage3:accuracy,99,passage3:number_correct,99,passage3:number_errors,1,passage3:scaled_score,,08256b,100,1,99,99,99,1, , ,benchmark,FALSE,FALSE,LTNAGzNCrGp54s4ND,5SrivwHdwcx9NMY4s,1.46186E+12,2016-04-28T11:46:38.331-0500,IMPORTUser,1.46343E+12,2016-05-16T14:03:43.066-0500,vKAAoqS66Yc8bE6rL,2016-05-16T14:03:43.032-0500,1,99,99,99,1,Passage 1 Note: ; Passage 2 Note: ; Passage 3 Note: ,1,TRUE
MN4sihVflLwk0DKzO,bXGuRv5twohEGzhzk,2017,29Mtyuej7Hdo7EXai,2017-01-08T00:00:00.000-0500,COMPLETE,COMPLETE,overall_strand,overall_strand:summary_number_correct,161,overall_strand:summary_number_errors,1,overall_strand:summary_correct_per_minute,161,overall_strand:summary_errors_per_minute,1,overall_strand:summary_accuracy,99.18,overall_strand:summary_assessor_notes,,passage1,passage1:total_words,162,passage1:errors_per_minute,1,passage1:correct_per_minute,161,passage1:accuracy,99,passage1:number_correct,161,passage1:number_errors,1,passage1:scaled_score,,0f8b88,162,1,161,99,161,1, , ,passage2,passage2:total_words,162,passage2:errors_per_minute,1,passage2:correct_per_minute,161,passage2:accuracy,99,passage2:number_correct,161,passage2:number_errors,1,passage2:scaled_score,,098916,162,1,161,99,161,1, , ,passage3,passage3:total_words,162,passage3:errors_per_minute,1,passage3:correct_per_minute,161,passage3:accuracy,99,passage3:number_correct,161,passage3:number_errors,1,passage3:scaled_score,,08256b,162,1,161,99,161,1, , ,benchmark,FALSE,FALSE,Ljm5zXxjLnqrszgWf,5SrivwHdwcx9NMY4s,1.46186E+12,2016-04-28T11:46:38.331-0500,IMPORTUser,1.46343E+12,2016-05-16T14:03:43.066-0500,vKAAoqS66Yc8bE6rL,2016-05-16T14:03:43.032-0500,1,161,99,161,1,Passage 1 Note: ; Passage 2 Note: ; Passage 3 Note: ,1,TRUE
MN4sihVflLwk0DKzO,bXGuRv5twohEGzhzk,2017,GDW6NzgMs52hzWLfP,2017-01-08T00:00:00.000-0500,COMPLETE,COMPLETE,overall_strand,overall_strand:summary_number_correct,158,overall_strand:summary_number_errors,1,overall_strand:summary_correct_per_minute,158,overall_strand:summary_errors_per_minute,1,overall_strand:summary_accuracy,99.37,overall_strand:summary_assessor_notes,,passage1,passage1:total_words,159,passage1:errors_per_minute,1,passage1:correct_per_minute,158,passage1:accuracy,99,passage1:number_correct,158,passage1:number_errors,1,passage1:scaled_score,,0f8b88,159,1,158,99,158,1, , ,passage2,passage2:total_words,159,passage2:errors_per_minute,1,passage2:correct_per_minute,158,passage2:accuracy,99,passage2:number_correct,158,passage2:number_errors,1,passage2:scaled_score,,098916,159,1,158,99,158,1, , ,passage3,passage3:total_words,159,passage3:errors_per_minute,1,passage3:correct_per_minute,158,passage3:accuracy,99,passage3:number_correct,158,passage3:number_errors,1,passage3:scaled_score,,08256b,159,1,158,99,158,1, , ,benchmark,FALSE,FALSE,Ljm5zXxjLnqrszgWf,5SrivwHdwcx9NMY4s,1.46186E+12,2016-04-28T11:46:38.331-0500,IMPORTUser,1.46343E+12,2016-05-16T14:03:43.066-0500,vKAAoqS66Yc8bE6rL,2016-05-16T14:03:43.032-0500,1,158,99,158,1,Passage 1 Note: ; Passage 2 Note: ; Passage 3 Note: ,1,TRUE
MN4sihVflLwk0DKzO,bXGuRv5twohEGzhzk,2017,oknP7qam9c3Ak9zGj,2017-01-08T00:00:00.000-0500,COMPLETE,COMPLETE,overall_strand,overall_strand:summary_number_correct,162,overall_strand:summary_number_errors,3,overall_strand:summary_correct_per_minute,162,overall_strand:summary_errors_per_minute,3,overall_strand:summary_accuracy,98.19,overall_strand:summary_assessor_notes,,passage1,passage1:total_words,165,passage1:errors_per_minute,3,passage1:correct_per_minute,162,passage1:accuracy,98,passage1:number_correct,162,passage1:number_errors,3,passage1:scaled_score,,0f8b88,165,3,162,98,162,3, , ,passage2,passage2:total_words,165,passage2:errors_per_minute,3,passage2:correct_per_minute,162,passage2:accuracy,98,passage2:number_correct,162,passage2:number_errors,3,passage2:scaled_score,,098916,165,3,162,98,162,3, , ,passage3,passage3:total_words,165,passage3:errors_per_minute,3,passage3:correct_per_minute,162,passage3:accuracy,98,passage3:number_correct,162,passage3:number_errors,3,passage3:scaled_score,,08256b,165,3,162,98,162,3, , ,benchmark,FALSE,FALSE,Ljm5zXxjLnqrszgWf,5SrivwHdwcx9NMY4s,1.46186E+12,2016-04-28T11:46:38.331-0500,IMPORTUser,1.46343E+12,2016-05-16T14:03:43.066-0500,vKAAoqS66Yc8bE6rL,2016-05-16T14:03:43.032-0500,3,162,98,162,3,Passage 1 Note: ; Passage 2 Note: ; Passage 3 Note: ,1,TRUE
MN4sihVflLwk0DKzO,bXGuRv5twohEGzhzk,2017,TwD8sGZFJcQz2p6of,2017-01-08T00:00:00.000-0500,COMPLETE,COMPLETE,overall_strand,overall_strand:summary_number_correct,154,overall_strand:summary_number_errors,1,overall_strand:summary_correct_per_minute,154,overall_strand:summary_errors_per_minute,1,overall_strand:summary_accuracy,99.29,overall_strand:summary_assessor_notes,,passage1,passage1:total_words,155,passage1:errors_per_minute,1,passage1:correct_per_minute,154,passage1:accuracy,99,passage1:number_correct,154,passage1:number_errors,1,passage1:scaled_score,,0f8b88,155,1,154,99,154,1, , ,passage2,passage2:total_words,155,passage2:errors_per_minute,1,passage2:correct_per_minute,154,passage2:accuracy,99,passage2:number_correct,154,passage2:number_errors,1,passage2:scaled_score,,098916,155,1,154,99,154,1, , ,passage3,passage3:total_words,155,passage3:errors_per_minute,1,passage3:correct_per_minute,154,passage3:accuracy,99,passage3:number_correct,154,passage3:number_errors,1,passage3:scaled_score,,08256b,155,1,154,99,154,1, , ,benchmark,FALSE,FALSE,Ljm5zXxjLnqrszgWf,5SrivwHdwcx9NMY4s,1.46186E+12,2016-04-28T11:46:38.331-0500,IMPORTUser,1.46343E+12,2016-05-16T14:03:43.066-0500,vKAAoqS66Yc8bE6rL,2016-05-16T14:03:43.032-0500,1,154,99,154,1,Passage 1 Note: ; Passage 2 Note: ; Passage 3 Note: ,1,TRUE
MN4sihVflLwk0DKzO,bXGuRv5twohEGzhzk,2017,ogdFYNJriKS6kceAX,2017-01-08T00:00:00.000-0500,COMPLETE,COMPLETE,overall_strand,overall_strand:summary_number_correct,158,overall_strand:summary_number_errors,2,overall_strand:summary_correct_per_minute,158,overall_strand:summary_errors_per_minute,2,overall_strand:summary_accuracy,98.67,overall_strand:summary_assessor_notes,,passage1,passage1:total_words,160,passage1:errors_per_minute,2,passage1:correct_per_minute,158,passage1:accuracy,99,passage1:number_correct,158,passage1:number_errors,2,passage1:scaled_score,,0f8b88,160,2,158,99,158,2, , ,passage2,passage2:total_words,160,passage2:errors_per_minute,2,passage2:correct_per_minute,158,passage2:accuracy,99,passage2:number_correct,158,passage2:number_errors,2,passage2:scaled_score,,098916,160,2,158,99,158,2, , ,passage3,passage3:total_words,160,passage3:errors_per_minute,2,passage3:correct_per_minute,158,passage3:accuracy,99,passage3:number_correct,158,passage3:number_errors,2,passage3:scaled_score,,08256b,160,2,158,99,158,2, , ,benchmark,FALSE,FALSE,Ljm5zXxjLnqrszgWf,5SrivwHdwcx9NMY4s,1.46186E+12,2016-04-28T11:46:38.331-0500,IMPORTUser,1.46343E+12,2016-05-16T14:03:43.066-0500,vKAAoqS66Yc8bE6rL,2016-05-16T14:03:43.032-0500,2,158,99,158,2,Passage 1 Note: ; Passage 2 Note: ; Passage 3 Note: ,1,TRUE
MN4sihVflLwk0DKzO,bXGuRv5twohEGzhzk,2017,4v5bwJCygjjWkoLYq,2017-01-08T00:00:00.000-0500,COMPLETE,COMPLETE,overall_strand,overall_strand:summary_number_correct,152,overall_strand:summary_number_errors,0,overall_strand:summary_correct_per_minute,152,overall_strand:summary_errors_per_minute,0,overall_strand:summary_accuracy,100,overall_strand:summary_assessor_notes,,passage1,passage1:total_words,152,passage1:errors_per_minute,0,passage1:correct_per_minute,152,passage1:accuracy,100,passage1:number_correct,152,passage1:number_errors,0,passage1:scaled_score,,0f8b88,152,0,152,100,152,0, , ,passage2,passage2:total_words,152,passage2:errors_per_minute,0,passage2:correct_per_minute,152,passage2:accuracy,100,passage2:number_correct,152,passage2:number_errors,0,passage2:scaled_score,,098916,152,0,152,100,152,0, , ,passage3,passage3:total_words,152,passage3:errors_per_minute,0,passage3:correct_per_minute,152,passage3:accuracy,100,passage3:number_correct,152,passage3:number_errors,0,passage3:scaled_score,,08256b,152,0,152,100,152,0, , ,benchmark,FALSE,FALSE,Ljm5zXxjLnqrszgWf,5SrivwHdwcx9NMY4s,1.46186E+12,2016-04-28T11:46:38.331-0500,IMPORTUser,1.46343E+12,2016-05-16T14:03:43.066-0500,vKAAoqS66Yc8bE6rL,2016-05-16T14:03:43.032-0500,0,152,100,152,0,Passage 1 Note: ; Passage 2 Note: ; Passage 3 Note: ,1,TRUE
MN4sihVflLwk0DKzO,bXGuRv5twohEGzhzk,2017,jjkwfB34g4cHiafqy,2017-01-08T00:00:00.000-0500,COMPLETE,COMPLETE,overall_strand,overall_strand:summary_number_correct,194,overall_strand:summary_number_errors,3,overall_strand:summary_correct_per_minute,194,overall_strand:summary_errors_per_minute,3,overall_strand:summary_accuracy,98.57,overall_strand:summary_assessor_notes,,passage1,passage1:total_words,197,passage1:errors_per_minute,3,passage1:correct_per_minute,194,passage1:accuracy,99,passage1:number_correct,194,passage1:number_errors,3,passage1:scaled_score,,0f8b88,197,3,194,99,194,3, , ,passage2,passage2:total_words,197,passage2:errors_per_minute,3,passage2:correct_per_minute,194,passage2:accuracy,99,passage2:number_correct,194,passage2:number_errors,3,passage2:scaled_score,,098916,197,3,194,99,194,3, , ,passage3,passage3:total_words,197,passage3:errors_per_minute,3,passage3:correct_per_minute,194,passage3:accuracy,99,passage3:number_correct,194,passage3:number_errors,3,passage3:scaled_score,,08256b,197,3,194,99,194,3, , ,benchmark,FALSE,FALSE,Ljm5zXxjLnqrszgWf,5SrivwHdwcx9NMY4s,1.46186E+12,2016-04-28T11:46:38.331-0500,IMPORTUser,1.46343E+12,2016-05-16T14:03:43.066-0500,vKAAoqS66Yc8bE6rL,2016-05-16T14:03:43.032-0500,3,194,99,194,3,Passage 1 Note: ; Passage 2 Note: ; Passage 3 Note: ,1,TRUE
MN4sihVflLwk0DKzO,bXGuRv5twohEGzhzk,2017,tkK2YMHioGi9vJiC7,2017-01-08T00:00:00.000-0500,COMPLETE,COMPLETE,overall_strand,overall_strand:summary_number_correct,186,overall_strand:summary_number_errors,0,overall_strand:summary_correct_per_minute,186,overall_strand:summary_errors_per_minute,0,overall_strand:summary_accuracy,100,overall_strand:summary_assessor_notes,,passage1,passage1:total_words,186,passage1:errors_per_minute,0,passage1:correct_per_minute,186,passage1:accuracy,100,passage1:number_correct,186,passage1:number_errors,0,passage1:scaled_score,,0f8b88,186,0,186,100,186,0, , ,passage2,passage2:total_words,186,passage2:errors_per_minute,0,passage2:correct_per_minute,186,passage2:accuracy,100,passage2:number_correct,186,passage2:number_errors,0,passage2:scaled_score,,098916,186,0,186,100,186,0, , ,passage3,passage3:total_words,186,passage3:errors_per_minute,0,passage3:correct_per_minute,186,passage3:accuracy,100,passage3:number_correct,186,passage3:number_errors,0,passage3:scaled_score,,08256b,186,0,186,100,186,0, , ,benchmark,FALSE,FALSE,Ljm5zXxjLnqrszgWf,5SrivwHdwcx9NMY4s,1.46186E+12,2016-04-28T11:46:38.331-0500,IMPORTUser,1.46343E+12,2016-05-16T14:03:43.066-0500,vKAAoqS66Yc8bE6rL,2016-05-16T14:03:43.032-0500,0,186,100,186,0,Passage 1 Note: ; Passage 2 Note: ; Passage 3 Note: ,1,TRUE
MN4sihVflLwk0DKzO,bXGuRv5twohEGzhzk,2017,W855WfRv6NLc26esQ,2017-01-08T00:00:00.000-0500,COMPLETE,COMPLETE,overall_strand,overall_strand:summary_number_correct,137,overall_strand:summary_number_errors,0,overall_strand:summary_correct_per_minute,137,overall_strand:summary_errors_per_minute,0,overall_strand:summary_accuracy,100,overall_strand:summary_assessor_notes,,passage1,passage1:total_words,137,passage1:errors_per_minute,0,passage1:correct_per_minute,137,passage1:accuracy,100,passage1:number_correct,137,passage1:number_errors,0,passage1:scaled_score,,0f8b88,137,0,137,100,137,0, , ,passage2,passage2:total_words,137,passage2:errors_per_minute,0,passage2:correct_per_minute,137,passage2:accuracy,100,passage2:number_correct,137,passage2:number_errors,0,passage2:scaled_score,,098916,137,0,137,100,137,0, , ,passage3,passage3:total_words,137,passage3:errors_per_minute,0,passage3:correct_per_minute,137,passage3:accuracy,100,passage3:number_correct,137,passage3:number_errors,0,passage3:scaled_score,,08256b,137,0,137,100,137,0, , ,benchmark,FALSE,FALSE,Ljm5zXxjLnqrszgWf,5SrivwHdwcx9NMY4s,1.46186E+12,2016-04-28T11:46:38.331-0500,IMPORTUser,1.46343E+12,2016-05-16T14:03:43.066-0500,vKAAoqS66Yc8bE6rL,2016-05-16T14:03:43.032-0500,0,137,100,137,0,Passage 1 Note: ; Passage 2 Note: ; Passage 3 Note: ,1,TRUE
MN4sihVflLwk0DKzO,bXGuRv5twohEGzhzk,2017,tDcKKxrEWXTjNXDDD,2017-01-08T00:00:00.000-0500,COMPLETE,COMPLETE,overall_strand,overall_strand:summary_number_correct,134,overall_strand:summary_number_errors,4,overall_strand:summary_correct_per_minute,134,overall_strand:summary_errors_per_minute,4,overall_strand:summary_accuracy,96.84,overall_strand:summary_assessor_notes,,passage1,passage1:total_words,138,passage1:errors_per_minute,4,passage1:correct_per_minute,134,passage1:accuracy,97,passage1:number_correct,134,passage1:number_errors,4,passage1:scaled_score,,0f8b88,138,4,134,97,134,4, , ,passage2,passage2:total_words,138,passage2:errors_per_minute,4,passage2:correct_per_minute,134,passage2:accuracy,97,passage2:number_correct,134,passage2:number_errors,4,passage2:scaled_score,,098916,138,4,134,97,134,4, , ,passage3,passage3:total_words,138,passage3:errors_per_minute,4,passage3:correct_per_minute,134,passage3:accuracy,97,passage3:number_correct,134,passage3:number_errors,4,passage3:scaled_score,,08256b,138,4,134,97,134,4, , ,benchmark,FALSE,FALSE,Ljm5zXxjLnqrszgWf,5SrivwHdwcx9NMY4s,1.46186E+12,2016-04-28T11:46:38.331-0500,IMPORTUser,1.46343E+12,2016-05-16T14:03:43.066-0500,vKAAoqS66Yc8bE6rL,2016-05-16T14:03:43.032-0500,4,134,97,134,4,Passage 1 Note: ; Passage 2 Note: ; Passage 3 Note: ,1,TRUE
MN4sihVflLwk0DKzO,bXGuRv5twohEGzhzk,2017,kdXEajc2SkTtF2MSp,2017-01-08T00:00:00.000-0500,COMPLETE,COMPLETE,overall_strand,overall_strand:summary_number_correct,110,overall_strand:summary_number_errors,1,overall_strand:summary_correct_per_minute,110,overall_strand:summary_errors_per_minute,1,overall_strand:summary_accuracy,99.1,overall_strand:summary_assessor_notes,,passage1,passage1:total_words,111,passage1:errors_per_minute,1,passage1:correct_per_minute,110,passage1:accuracy,99,passage1:number_correct,110,passage1:number_errors,1,passage1:scaled_score,,0f8b88,111,1,110,99,110,1, , ,passage2,passage2:total_words,111,passage2:errors_per_minute,1,passage2:correct_per_minute,110,passage2:accuracy,99,passage2:number_correct,110,passage2:number_errors,1,passage2:scaled_score,,098916,111,1,110,99,110,1, , ,passage3,passage3:total_words,111,passage3:errors_per_minute,1,passage3:correct_per_minute,110,passage3:accuracy,99,passage3:number_correct,110,passage3:number_errors,1,passage3:scaled_score,,08256b,111,1,110,99,110,1, , ,benchmark,FALSE,FALSE,Ljm5zXxjLnqrszgWf,5SrivwHdwcx9NMY4s,1.46186E+12,2016-04-28T11:46:38.331-0500,IMPORTUser,1.46343E+12,2016-05-16T14:03:43.066-0500,vKAAoqS66Yc8bE6rL,2016-05-16T14:03:43.032-0500,1,110,99,110,1,Passage 1 Note: ; Passage 2 Note: ; Passage 3 Note: ,1,TRUE
MN4sihVflLwk0DKzO,bXGuRv5twohEGzhzk,2017,hao9zMYRu5iCNHkkF,2017-01-08T00:00:00.000-0500,COMPLETE,COMPLETE,overall_strand,overall_strand:summary_number_correct,72,overall_strand:summary_number_errors,6,overall_strand:summary_correct_per_minute,72,overall_strand:summary_errors_per_minute,6,overall_strand:summary_accuracy,91.93,overall_strand:summary_assessor_notes,,passage1,passage1:total_words,78,passage1:errors_per_minute,6,passage1:correct_per_minute,72,passage1:accuracy,92,passage1:number_correct,72,passage1:number_errors,6,passage1:scaled_score,,0f8b88,78,6,72,92,72,6, , ,passage2,passage2:total_words,78,passage2:errors_per_minute,6,passage2:correct_per_minute,72,passage2:accuracy,92,passage2:number_correct,72,passage2:number_errors,6,passage2:scaled_score,,098916,78,6,72,92,72,6, , ,passage3,passage3:total_words,78,passage3:errors_per_minute,6,passage3:correct_per_minute,72,passage3:accuracy,92,passage3:number_correct,72,passage3:number_errors,6,passage3:scaled_score,,08256b,78,6,72,92,72,6, , ,benchmark,FALSE,FALSE,Ljm5zXxjLnqrszgWf,5SrivwHdwcx9NMY4s,1.46186E+12,2016-04-28T11:46:38.331-0500,IMPORTUser,1.46343E+12,2016-05-16T14:03:43.066-0500,vKAAoqS66Yc8bE6rL,2016-05-16T14:03:43.032-0500,6,72,92,72,6,Passage 1 Note: ; Passage 2 Note: ; Passage 3 Note: ,1,TRUE
MN4sihVflLwk0DKzO,bXGuRv5twohEGzhzk,2017,y54MPs98Xmau8AANM,2017-01-08T00:00:00.000-0500,COMPLETE,COMPLETE,overall_strand,overall_strand:summary_number_correct,37,overall_strand:summary_number_errors,10,overall_strand:summary_correct_per_minute,37,overall_strand:summary_errors_per_minute,10,overall_strand:summary_accuracy,78.94,overall_strand:summary_assessor_notes,,passage1,passage1:total_words,47,passage1:errors_per_minute,10,passage1:correct_per_minute,37,passage1:accuracy,79,passage1:number_correct,37,passage1:number_errors,10,passage1:scaled_score,,0f8b88,47,10,37,79,37,10, , ,passage2,passage2:total_words,47,passage2:errors_per_minute,10,passage2:correct_per_minute,37,passage2:accuracy,79,passage2:number_correct,37,passage2:number_errors,10,passage2:scaled_score,,098916,47,10,37,79,37,10, , ,passage3,passage3:total_words,47,passage3:errors_per_minute,10,passage3:correct_per_minute,37,passage3:accuracy,79,passage3:number_correct,37,passage3:number_errors,10,passage3:scaled_score,,08256b,47,10,37,79,37,10, , ,benchmark,FALSE,FALSE,Ljm5zXxjLnqrszgWf,5SrivwHdwcx9NMY4s,1.46186E+12,2016-04-28T11:46:38.331-0500,IMPORTUser,1.46343E+12,2016-05-16T14:03:43.066-0500,vKAAoqS66Yc8bE6rL,2016-05-16T14:03:43.032-0500,10,37,79,37,10,Passage 1 Note: ; Passage 2 Note: ; Passage 3 Note: ,1,TRUE
MN4sihVflLwk0DKzO,bXGuRv5twohEGzhzk,2017,RnCzsrvgPq6hjuuRc,2017-01-08T00:00:00.000-0500,COMPLETE,COMPLETE,overall_strand,overall_strand:summary_number_correct,180,overall_strand:summary_number_errors,4,overall_strand:summary_correct_per_minute,180,overall_strand:summary_errors_per_minute,4,overall_strand:summary_accuracy,97.83,overall_strand:summary_assessor_notes,,passage1,passage1:total_words,184,passage1:errors_per_minute,4,passage1:correct_per_minute,180,passage1:accuracy,98,passage1:number_correct,180,passage1:number_errors,4,passage1:scaled_score,,0f8b88,184,4,180,98,180,4, , ,passage2,passage2:total_words,184,passage2:errors_per_minute,4,passage2:correct_per_minute,180,passage2:accuracy,98,passage2:number_correct,180,passage2:number_errors,4,passage2:scaled_score,,098916,184,4,180,98,180,4, , ,passage3,passage3:total_words,184,passage3:errors_per_minute,4,passage3:correct_per_minute,180,passage3:accuracy,98,passage3:number_correct,180,passage3:number_errors,4,passage3:scaled_score,,08256b,184,4,180,98,180,4, , ,benchmark,FALSE,FALSE,3NjWptjgnqDsD7CH5,5SrivwHdwcx9NMY4s,1.46186E+12,2016-04-28T11:46:38.331-0500,IMPORTUser,1.46343E+12,2016-05-16T14:03:43.066-0500,vKAAoqS66Yc8bE6rL,2016-05-16T14:03:43.032-0500,4,180,98,180,4,Passage 1 Note: ; Passage 2 Note: ; Passage 3 Note: ,1,TRUE
MN4sihVflLwk0DKzO,bXGuRv5twohEGzhzk,2017,d8TN5YpDvdjF5tqEL,2017-01-08T00:00:00.000-0500,COMPLETE,COMPLETE,overall_strand,overall_strand:summary_number_correct,192,overall_strand:summary_number_errors,1,overall_strand:summary_correct_per_minute,192,overall_strand:summary_errors_per_minute,1,overall_strand:summary_accuracy,99.48,overall_strand:summary_assessor_notes,,passage1,passage1:total_words,193,passage1:errors_per_minute,1,passage1:correct_per_minute,192,passage1:accuracy,99,passage1:number_correct,192,passage1:number_errors,1,passage1:scaled_score,,0f8b88,193,1,192,99,192,1, , ,passage2,passage2:total_words,193,passage2:errors_per_minute,1,passage2:correct_per_minute,192,passage2:accuracy,99,passage2:number_correct,192,passage2:number_errors,1,passage2:scaled_score,,098916,193,1,192,99,192,1, , ,passage3,passage3:total_words,193,passage3:errors_per_minute,1,passage3:correct_per_minute,192,passage3:accuracy,99,passage3:number_correct,192,passage3:number_errors,1,passage3:scaled_score,,08256b,193,1,192,99,192,1, , ,benchmark,FALSE,FALSE,3NjWptjgnqDsD7CH5,5SrivwHdwcx9NMY4s,1.46186E+12,2016-04-28T11:46:38.331-0500,IMPORTUser,1.46343E+12,2016-05-16T14:03:43.066-0500,vKAAoqS66Yc8bE6rL,2016-05-16T14:03:43.032-0500,1,192,99,192,1,Passage 1 Note: ; Passage 2 Note: ; Passage 3 Note: ,1,TRUE
MN4sihVflLwk0DKzO,bXGuRv5twohEGzhzk,2017,nL2hBXQsG7SJHhuFG,2017-01-08T00:00:00.000-0500,COMPLETE,COMPLETE,overall_strand,overall_strand:summary_number_correct,166,overall_strand:summary_number_errors,0,overall_strand:summary_correct_per_minute,166,overall_strand:summary_errors_per_minute,0,overall_strand:summary_accuracy,100,overall_strand:summary_assessor_notes,,passage1,passage1:total_words,166,passage1:errors_per_minute,0,passage1:correct_per_minute,166,passage1:accuracy,100,passage1:number_correct,166,passage1:number_errors,0,passage1:scaled_score,,0f8b88,166,0,166,100,166,0, , ,passage2,passage2:total_words,166,passage2:errors_per_minute,0,passage2:correct_per_minute,166,passage2:accuracy,100,passage2:number_correct,166,passage2:number_errors,0,passage2:scaled_score,,098916,166,0,166,100,166,0, , ,passage3,passage3:total_words,166,passage3:errors_per_minute,0,passage3:correct_per_minute,166,passage3:accuracy,100,passage3:number_correct,166,passage3:number_errors,0,passage3:scaled_score,,08256b,166,0,166,100,166,0, , ,benchmark,FALSE,FALSE,3NjWptjgnqDsD7CH5,5SrivwHdwcx9NMY4s,1.46186E+12,2016-04-28T11:46:38.331-0500,IMPORTUser,1.46343E+12,2016-05-16T14:03:43.066-0500,vKAAoqS66Yc8bE6rL,2016-05-16T14:03:43.032-0500,0,166,100,166,0,Passage 1 Note: ; Passage 2 Note: ; Passage 3 Note: ,1,TRUE
MN4sihVflLwk0DKzO,bXGuRv5twohEGzhzk,2017,pGLtzMxQ6dkv5DzcJ,2017-01-08T00:00:00.000-0500,COMPLETE,COMPLETE,overall_strand,overall_strand:summary_number_correct,181,overall_strand:summary_number_errors,0,overall_strand:summary_correct_per_minute,181,overall_strand:summary_errors_per_minute,0,overall_strand:summary_accuracy,100,overall_strand:summary_assessor_notes,,passage1,passage1:total_words,181,passage1:errors_per_minute,0,passage1:correct_per_minute,181,passage1:accuracy,100,passage1:number_correct,181,passage1:number_errors,0,passage1:scaled_score,,0f8b88,181,0,181,100,181,0, , ,passage2,passage2:total_words,181,passage2:errors_per_minute,0,passage2:correct_per_minute,181,passage2:accuracy,100,passage2:number_correct,181,passage2:number_errors,0,passage2:scaled_score,,098916,181,0,181,100,181,0, , ,passage3,passage3:total_words,181,passage3:errors_per_minute,0,passage3:correct_per_minute,181,passage3:accuracy,100,passage3:number_correct,181,passage3:number_errors,0,passage3:scaled_score,,08256b,181,0,181,100,181,0, , ,benchmark,FALSE,FALSE,3NjWptjgnqDsD7CH5,5SrivwHdwcx9NMY4s,1.46186E+12,2016-04-28T11:46:38.331-0500,IMPORTUser,1.46343E+12,2016-05-16T14:03:43.066-0500,vKAAoqS66Yc8bE6rL,2016-05-16T14:03:43.032-0500,0,181,100,181,0,Passage 1 Note: ; Passage 2 Note: ; Passage 3 Note: ,1,TRUE
MN4sihVflLwk0DKzO,bXGuRv5twohEGzhzk,2017,PEXdBRNDoQTzmJTKx,2017-01-08T00:00:00.000-0500,COMPLETE,COMPLETE,overall_strand,overall_strand:summary_number_correct,146,overall_strand:summary_number_errors,0,overall_strand:summary_correct_per_minute,146,overall_strand:summary_errors_per_minute,0,overall_strand:summary_accuracy,100,overall_strand:summary_assessor_notes,,passage1,passage1:total_words,146,passage1:errors_per_minute,0,passage1:correct_per_minute,146,passage1:accuracy,100,passage1:number_correct,146,passage1:number_errors,0,passage1:scaled_score,,0f8b88,146,0,146,100,146,0, , ,passage2,passage2:total_words,146,passage2:errors_per_minute,0,passage2:correct_per_minute,146,passage2:accuracy,100,passage2:number_correct,146,passage2:number_errors,0,passage2:scaled_score,,098916,146,0,146,100,146,0, , ,passage3,passage3:total_words,146,passage3:errors_per_minute,0,passage3:correct_per_minute,146,passage3:accuracy,100,passage3:number_correct,146,passage3:number_errors,0,passage3:scaled_score,,08256b,146,0,146,100,146,0, , ,benchmark,FALSE,FALSE,3NjWptjgnqDsD7CH5,5SrivwHdwcx9NMY4s,1.46186E+12,2016-04-28T11:46:38.331-0500,IMPORTUser,1.46343E+12,2016-05-16T14:03:43.066-0500,vKAAoqS66Yc8bE6rL,2016-05-16T14:03:43.032-0500,0,146,100,146,0,Passage 1 Note: ; Passage 2 Note: ; Passage 3 Note: ,1,TRUE
MN4sihVflLwk0DKzO,bXGuRv5twohEGzhzk,2017,edKQ9fukitaAZvnew,2017-01-08T00:00:00.000-0500,COMPLETE,COMPLETE,overall_strand,overall_strand:summary_number_correct,144,overall_strand:summary_number_errors,3,overall_strand:summary_correct_per_minute,144,overall_strand:summary_errors_per_minute,3,overall_strand:summary_accuracy,97.79,overall_strand:summary_assessor_notes,,passage1,passage1:total_words,147,passage1:errors_per_minute,3,passage1:correct_per_minute,144,passage1:accuracy,98,passage1:number_correct,144,passage1:number_errors,3,passage1:scaled_score,,0f8b88,147,3,144,98,144,3, , ,passage2,passage2:total_words,147,passage2:errors_per_minute,3,passage2:correct_per_minute,144,passage2:accuracy,98,passage2:number_correct,144,passage2:number_errors,3,passage2:scaled_score,,098916,147,3,144,98,144,3, , ,passage3,passage3:total_words,147,passage3:errors_per_minute,3,passage3:correct_per_minute,144,passage3:accuracy,98,passage3:number_correct,144,passage3:number_errors,3,passage3:scaled_score,,08256b,147,3,144,98,144,3, , ,benchmark,FALSE,FALSE,3NjWptjgnqDsD7CH5,5SrivwHdwcx9NMY4s,1.46186E+12,2016-04-28T11:46:38.331-0500,IMPORTUser,1.46343E+12,2016-05-16T14:03:43.066-0500,vKAAoqS66Yc8bE6rL,2016-05-16T14:03:43.032-0500,3,144,98,144,3,Passage 1 Note: ; Passage 2 Note: ; Passage 3 Note: ,1,TRUE
MN4sihVflLwk0DKzO,bXGuRv5twohEGzhzk,2017,BjnJf6Wc8NN9BP9YN,2017-01-08T00:00:00.000-0500,COMPLETE,COMPLETE,overall_strand,overall_strand:summary_number_correct,146,overall_strand:summary_number_errors,0,overall_strand:summary_correct_per_minute,146,overall_strand:summary_errors_per_minute,0,overall_strand:summary_accuracy,100,overall_strand:summary_assessor_notes,,passage1,passage1:total_words,146,passage1:errors_per_minute,0,passage1:correct_per_minute,146,passage1:accuracy,100,passage1:number_correct,146,passage1:number_errors,0,passage1:scaled_score,,0f8b88,146,0,146,100,146,0, , ,passage2,passage2:total_words,146,passage2:errors_per_minute,0,passage2:correct_per_minute,146,passage2:accuracy,100,passage2:number_correct,146,passage2:number_errors,0,passage2:scaled_score,,098916,146,0,146,100,146,0, , ,passage3,passage3:total_words,146,passage3:errors_per_minute,0,passage3:correct_per_minute,146,passage3:accuracy,100,passage3:number_correct,146,passage3:number_errors,0,passage3:scaled_score,,08256b,146,0,146,100,146,0, , ,benchmark,FALSE,FALSE,3NjWptjgnqDsD7CH5,5SrivwHdwcx9NMY4s,1.46186E+12,2016-04-28T11:46:38.331-0500,IMPORTUser,1.46343E+12,2016-05-16T14:03:43.066-0500,vKAAoqS66Yc8bE6rL,2016-05-16T14:03:43.032-0500,0,146,100,146,0,Passage 1 Note: ; Passage 2 Note: ; Passage 3 Note: ,1,TRUE
MN4sihVflLwk0DKzO,bXGuRv5twohEGzhzk,2017,fHexXgDyahuH68pm4,2017-01-08T00:00:00.000-0500,COMPLETE,COMPLETE,overall_strand,overall_strand:summary_number_correct,87,overall_strand:summary_number_errors,2,overall_strand:summary_correct_per_minute,87,overall_strand:summary_errors_per_minute,2,overall_strand:summary_accuracy,97.75,overall_strand:summary_assessor_notes,,passage1,passage1:total_words,89,passage1:errors_per_minute,2,passage1:correct_per_minute,87,passage1:accuracy,98,passage1:number_correct,87,passage1:number_errors,2,passage1:scaled_score,,0f8b88,89,2,87,98,87,2, , ,passage2,passage2:total_words,89,passage2:errors_per_minute,2,passage2:correct_per_minute,87,passage2:accuracy,98,passage2:number_correct,87,passage2:number_errors,2,passage2:scaled_score,,098916,89,2,87,98,87,2, , ,passage3,passage3:total_words,89,passage3:errors_per_minute,2,passage3:correct_per_minute,87,passage3:accuracy,98,passage3:number_correct,87,passage3:number_errors,2,passage3:scaled_score,,08256b,89,2,87,98,87,2, , ,benchmark,FALSE,FALSE,3NjWptjgnqDsD7CH5,5SrivwHdwcx9NMY4s,1.46186E+12,2016-04-28T11:46:38.331-0500,IMPORTUser,1.46343E+12,2016-05-16T14:03:43.066-0500,vKAAoqS66Yc8bE6rL,2016-05-16T14:03:43.032-0500,2,87,98,87,2,Passage 1 Note: ; Passage 2 Note: ; Passage 3 Note: ,1,TRUE
MN4sihVflLwk0DKzO,bXGuRv5twohEGzhzk,2017,NEzZhn8PXpBZ7Y22s,2017-01-08T00:00:00.000-0500,COMPLETE,COMPLETE,overall_strand,overall_strand:summary_number_correct,75,overall_strand:summary_number_errors,3,overall_strand:summary_correct_per_minute,75,overall_strand:summary_errors_per_minute,3,overall_strand:summary_accuracy,96.15,overall_strand:summary_assessor_notes,,passage1,passage1:total_words,78,passage1:errors_per_minute,3,passage1:correct_per_minute,75,passage1:accuracy,96,passage1:number_correct,75,passage1:number_errors,3,passage1:scaled_score,,0f8b88,78,3,75,96,75,3, , ,passage2,passage2:total_words,78,passage2:errors_per_minute,3,passage2:correct_per_minute,75,passage2:accuracy,96,passage2:number_correct,75,passage2:number_errors,3,passage2:scaled_score,,098916,78,3,75,96,75,3, , ,passage3,passage3:total_words,78,passage3:errors_per_minute,3,passage3:correct_per_minute,75,passage3:accuracy,96,passage3:number_correct,75,passage3:number_errors,3,passage3:scaled_score,,08256b,78,3,75,96,75,3, , ,benchmark,FALSE,FALSE,3NjWptjgnqDsD7CH5,5SrivwHdwcx9NMY4s,1.46186E+12,2016-04-28T11:46:38.331-0500,IMPORTUser,1.46343E+12,2016-05-16T14:03:43.066-0500,vKAAoqS66Yc8bE6rL,2016-05-16T14:03:43.032-0500,3,75,96,75,3,Passage 1 Note: ; Passage 2 Note: ; Passage 3 Note: ,1,TRUE